{
    "units": 105.0674213470378,
    "dropout": 0.34318336445585074,
    "learning_rate": 0.003976544553307634,
    "epochs": 38.0,
    "batch_size": 32
}