{
    "units": 125.0,
    "dropout": 0.3625631132260252,
    "learning_rate": 0.004860118014912413,
    "epochs": 31.0,
    "batch_size": 32
}