{
    "units": 65.720958122329,
    "dropout": 0.5412778937353047,
    "learning_rate": 0.004879628404092558,
    "epochs": 57.71891545259068,
    "batch_size": 32
}