{
    "units": 61.0,
    "dropout": 0.4296091647717338,
    "learning_rate": 0.003238624985571199,
    "epochs": 46.16198797128659,
    "batch_size": 32
}