{
    "units": 81.56154607101385,
    "dropout": 0.23877535965072433,
    "learning_rate": 0.0019364033832365603,
    "epochs": 20.710888698734173,
    "batch_size": 32
}