{
    "units": 118.8020016895222,
    "dropout": 0.42614869249239345,
    "learning_rate": 0.0028743555551877346,
    "epochs": 27.829056170622323,
    "batch_size": 32
}